type,courseName,Spring,Summer,Fall,Winter
graduate,Wireless Local and Metropolitan Area Networks,,,2008~2013;2015;2017;2018;,
graduate,Wireless LAN,2005;2006;,,2006;2007;2019~2021;,
graduate,Internet Protocols,2007~2009;2011~2020;2022;,,,
graduate,Distributed Systems,,,2005;,
graduate,Practical Techniques in Information Technology,,2010;,,
graduate,Advanced Thesis Seminar,2017;,,2014;2022;,
undergraduate,Object-Oriented Programming,2018~2024,,,
undergraduate,Network Programming,,,2005~2012;,
undergraduate,Local Area Networks,2008~2010;,2011;,2005;2006;,
undergraduate,Network Management,2005~2007;2021;2024,,2009;2013;2016;2017;,
undergraduate,Distributed Systems,2005~2007;,,2008;2010;,
undergraduate,Wireless Sensor Networks,2010;,,,
undergraduate,Discrete Mathematics,2011~2017;,2022;,2004;2018~2023;,
undergraduate,Introduction to Computer Science,,,2004;2007;2014;,
undergraduate,UNIX System,,,2004;,
